Age of Death,Type
8.032854209,Afghan
12.16141912,Afghan
8.906228611,Afghan
