Age of Death,Type
15.00604609,Aidi X
15.75895505,Aidi X
