Age of Death,Type
9.861624458,Briard
2.009582478,Briard
13.6590235,Briard
0.977298654,Briard
12.63232945,Briard
12.07939767,Briard
13.86173854,Briard
