Age of Death,Type
2.767967146,Cavapoo
3.044375998,Cavapoo
1.522245038,Cavapoo
0.369495779,Cavapoo
