Age of Death,Type
2.261350673,Chorkie
2.510609172,Chorkie
16.68434862,Chorkie
11.32911248,Chorkie
2.384668036,Chorkie
0.848619667,Chorkie
