Age of Death,Type
7.808350445,Corgi X
11.55099247,Corgi X
11.76716861,Corgi X
14.20385581,Corgi X
12.63244353,Corgi X
13.00193931,Corgi X
15.43041296,Corgi X
11.61384896,Corgi X
11.52349989,Corgi X
13.22370522,Corgi X
14.71047228,Corgi X
13.37154917,Corgi X
14.45311431,Corgi X
12.15331964,Corgi X
14.23397217,Corgi X
13.16084873,Corgi X
13.5797399,Corgi X
13.33595711,Corgi X
