Age of Death,Type
16.72826831,Dachshund X
15.86025553,Dachshund X
16.00536162,Dachshund X
16.42425279,Dachshund X
9.073237509,Dachshund X
12.0792836,Dachshund X
14.8883185,Dachshund X
5.535934292,Dachshund X
17.73842117,Dachshund X
