Age of Death,Type
12.52019165,Dalmatian X
8.065594342,Dalmatian X
15.75202484,Dalmatian X
9.916495551,Dalmatian X
14.03137121,Dalmatian X
5.516655259,Dalmatian X
8.659707963,Dalmatian X
12.12856491,Dalmatian X
12.69530002,Dalmatian X
11.00057039,Dalmatian X
14.19301848,Dalmatian X
12.6899384,Dalmatian X
12.72279261,Dalmatian X
9.360711841,Dalmatian X
