Age of Death,Type
12.09297285,German Spitz
12.9471823,German Spitz
14.31074606,German Spitz
15.93976728,German Spitz
16.6295916,German Spitz
14.02327173,German Spitz
16.13689254,German Spitz
12.50091262,German Spitz
8.733744011,German Spitz
13.85626283,German Spitz
