Age of Death,Type
10.0039927,gsd x sbt
11.57289528,gsd x sbt
11.59206023,gsd x sbt
10.7816564,gsd x sbt
