Age of Death,Type
13.22655715,GSD x Collie
13.36344969,GSD x Collie
13.26762491,GSD x Collie
12.81028976,GSD x Collie
11.63301392,GSD x Collie
