Age of Death,Type
18.30789414,Jrt x
16.44341775,Jrt x
13.35238421,Jrt x
