Age of Death,Type
0.314852841,Jug
1.62616929,Jug
1.921857175,Jug
3.090919462,Jug
7.838352726,Jug
2.346224047,Jug
2.592744695,Jug
