Age of Death,Type
14.81987223,Lasso Apso
10.99247091,Lasso Apso
17.24572211,Lasso Apso
7.030800821,Lasso Apso
8.68434862,Lasso Apso
11.00330824,Lasso Apso
14.99794661,Lasso Apso
15.00068446,Lasso Apso
17.00205339,Lasso Apso
15.00604609,Lasso Apso
5.62343144,Lasso Apso
12.68720055,Lasso Apso
14.16563997,Lasso Apso
16.42151494,Lasso Apso
9.004791239,Lasso Apso
11.08555784,Lasso Apso
