Age of Death,Type
9.500228154,Leonberger
2.488592288,Leonberger
9.377138946,Leonberger
8.328542094,Leonberger
8.503764545,Leonberger
8.654232261,Leonberger
9.538672142,Leonberger
8.375085558,Leonberger
11.34553958,Leonberger
6.384553958,Leonberger
2.370978782,Leonberger
9.516769336,Leonberger
11.22518823,Leonberger
9.59890486,Leonberger
