Age of Death,Type
10.25861282,Lowchen
3.047113849,Lowchen
10.3544376,Lowchen
7.619438741,Lowchen
8.284736482,Lowchen
