Age of Death,Type
7.006160164,Malamute X
7.400296601,Malamute X
1.387976272,Malamute X
3.734428474,Malamute X
