Age of Death,Type
14.92950034,Other
11.32375086,Other
13.54129592,Other
6.080766598,Other
