Age of Death,Type
11.2223363,Pinscher
11.06913073,Pinscher
3.400296601,Pinscher
10.79249373,Pinscher
13.3787557,Pinscher
15.31816108,Pinscher
