Age of Death,Type
8.925279489,Puggle
11.62206251,Puggle
9.393451974,Puggle
4.517453799,Puggle
