Age of Death,Type
9.256559434,Puli
12.32842802,Puli
