Age of Death,Type
13.11692904,Red Setter
11.83013917,Red Setter
12.16689482,Red Setter
9.760438056,Red Setter
10.66119097,Red Setter
9.062172028,Red Setter
12.29009811,Red Setter
