Age of Death,Type
14.79249373,Schnauzer X
13.91364362,Schnauzer X
15.19495779,Schnauzer X
6.639288159,Schnauzer X
15.12377367,Schnauzer X
13.79317819,Schnauzer X
6.661190965,Schnauzer X
