Age of Death,Type
7.64122747,Shar-Pei
9.388090349,Shar-Pei
7.006160164,Shar-Pei
9.905544148,Shar-Pei
8.824093087,Shar-Pei
12.53661875,Shar-Pei
6.661076888,Shar-Pei
8.886949578,Shar-Pei
9.604266484,Shar-Pei
10.13552361,Shar-Pei
11.4002966,Shar-Pei
6.630960529,Shar-Pei
6.734998859,Shar-Pei
7.26899384,Shar-Pei
7.934177504,Shar-Pei
9.240246407,Shar-Pei
11.13483915,Shar-Pei
9.858886607,Shar-Pei
6.499543692,Shar-Pei
9.136094,Shar-Pei
11.64670317,Shar-Pei
9.943874059,Shar-Pei
