Age of Death,Type
13.99863107,staff cross
14.89390828,staff cross
11.49885923,staff cross
15.00889802,staff cross
14.86926762,staff cross
