Age of Death,Type
9.305840748,staffy
15.00057039,staffy
14.67488022,staffy
