Age of Death,Type
15.12388775,X-Breed
15.01163587,X-Breed
15.76990646,X-Breed
15.17043121,X-Breed
