Age of Death,Type
1.481063199,Yorkie
15.1430527,Yorkie
13.86173854,Yorkie
7.994410221,Yorkie
9.002053388,Yorkie
0.177960301,Yorkie
15.00057039,Yorkie
