Age of Death,Type
4.501026694,0
8.002623774,0
19.00057039,0
6.001254848,0
