Age of Death,Type
10.72404746,Akita Inu
13.41535478,Akita Inu
13.30321697,Akita Inu
13.91778722,Akita Inu
14.17373945,Akita Inu
10.54072553,Akita Inu
