Age of Death,Type
10.46132786,Akita X
8.451631303,Akita X
3.126625599,Akita X
3.695984486,Akita X
