Age of Death,Type
12.71731691,Alsatian
11.18126854,Alsatian
6.757015743,Alsatian
11.16221766,Alsatian
12.57768652,Alsatian
12.89790098,Alsatian
13.03205567,Alsatian
11.00330824,Alsatian
13.58510153,Alsatian
14.41193247,Alsatian
9.962924937,Alsatian
7.15662788,Alsatian
15.89048597,Alsatian
13.8424595,Alsatian
13.99577915,Alsatian
14.56810404,Alsatian
9.513917408,Alsatian
9.538558065,Alsatian
11.61943874,Alsatian
5.021104266,Alsatian
10.42835957,Alsatian
11.31827515,Alsatian
16.49817477,Alsatian
