Age of Death,Type
13.99315537,Beagle X
14.89390828,Beagle X
15.40588638,Beagle X
8.747433265,Beagle X
9.171800137,Beagle X
14.29968058,Beagle X
14.92938627,Beagle X
15.44684006,Beagle X
15.63575177,Beagle X
16.1889117,Beagle X
16.30104951,Beagle X
16.58852384,Beagle X
9.683664157,Beagle X
9.407255305,Beagle X
16.01905088,Beagle X
2.280515629,Beagle X
8.980036505,Beagle X
16.32580424,Beagle X
14.26408852,Beagle X
