Age of Death,Type
6.718571755,Boerboel
9.957449236,Boerboel
8.271047228,Boerboel
