Age of Death,Type
7.000684463,Borzoi
12.0,Borzoi
9.689139859,Borzoi
12.59947525,Borzoi
9.557723021,Borzoi
