Age of Death,Type
0.342231348,Cavachon
1.743896874,Cavachon
9.864362309,Cavachon
0.180698152,Cavachon
3.134839151,Cavachon
