Age of Death,Type
12.28736026,Cavalier X
11.65776865,Cavalier X
12.89242528,Cavalier X
13.84804928,Cavalier X
15.50707278,Cavalier X
