Age of Death,Type
15.17579284,Collie #
10.65297741,Collie #
10.69952088,Collie #
11.10460872,Collie #
1.757586128,Collie #
10.0039927,Collie #
13.99863107,Collie #
15.37018024,Collie #
