Age of Death,Type
9.86710016,Corgi
13.59879078,Corgi
11.46600502,Corgi
12.63518138,Corgi
8.27926078,Corgi
13.34702259,Corgi
14.8664157,Corgi
15.06901666,Corgi
16.54209446,Corgi
