Age of Death,Type
10.64191193,GSDxCollie
8.079397673,GSDxCollie
10.60631987,GSDxCollie
9.721994068,GSDxCollie
8.602213096,GSDxCollie
