Age of Death,Type
8.837782341,Havanese
11.99988592,Havanese
9.763175907,Havanese
7.071754506,Havanese
11.01984942,Havanese
