Age of Death,Type
15.20864705,JRT x SBT
14.5927447,JRT x SBT
12.96634725,JRT x SBT
