Age of Death,Type
12.65423226,Keeshond
10.52418435,Keeshond
12.30378736,Keeshond
7.975245266,Keeshond
