Age of Death,Type
13.74948665,Lab X
14.19564225,Lab X
10.9486653,Lab X
13.0403833,Lab X
