Age of Death,Type
13.80139174,Labracollie
7.255190509,Labracollie
14.98961898,Labracollie
13.47843943,Labracollie
14.02327173,Labracollie
12.6022131,Labracollie
15.31268538,Labracollie
10.98973306,Labracollie
14.83082364,Labracollie
