Age of Death,Type
10.57346566,Lhaso Apso X
10.5323979,Lhaso Apso X
11.99988592,Lhaso Apso X
12.25998175,Lhaso Apso X
12.35854438,Lhaso Apso X
7.950718686,Lhaso Apso X
