Age of Death,Type
14.63369838,Lhaso Apso
15.65229295,Lhaso Apso
15.11556012,Lhaso Apso
17.27024869,Lhaso Apso
15.54814054,Lhaso Apso
