Age of Death,Type
11.49075975,Malamute
7.786333561,Malamute
14.75975359,Malamute
