Age of Death,Type
16.19986311,mongral
16.51733972,mongral
17.56867442,mongral
16.69256217,mongral
