Age of Death,Type
5.001939311,Pit Bull
7.000570386,Pit Bull
11.00057039,Pit Bull
