Age of Death,Type
4.188797627,Pointer X
11.44684006,Pointer X
11.04163815,Pointer X
7.227926078,Pointer X
