Age of Death,Type
11.14579055,Retriever
14.08898015,Retriever
14.76511522,Retriever
16.21070043,Retriever
19.27435546,Retriever
10.47501711,Retriever
13.56435119,Retriever
9.951973534,Retriever
16.10130048,Retriever
11.78918549,Retriever
9.352498289,Retriever
13.19370294,Retriever
12.54471823,Retriever
8.583048141,Retriever
14.26135067,Retriever
13.59890486,Retriever
15.45779147,Retriever
10.8773671,Retriever
10.76796715,Retriever
11.38672142,Retriever
