Age of Death,Type
13.03205567,Saluki
2.902007757,Saluki
11.09365731,Saluki
5.976614191,Saluki
15.59742186,Saluki
13.79044034,Saluki
7.233287702,Saluki
1.620693589,Saluki
