Age of Death,Type
14.74047456,SBT X JRT
15.03068674,SBT X JRT
15.77264431,SBT X JRT
14.88558065,SBT X JRT
14.63917408,SBT X JRT
15.16221766,SBT X JRT
