Age of Death,Type
11.36744239,Scottie X
11.49612138,Scottie X
11.59206023,Scottie X
12.19974903,Scottie X
