Age of Death,Type
13.63438284,Sheltie X
13.96030116,Sheltie X
12.7966005,Sheltie X
12.22450376,Sheltie X
10.39288159,Sheltie X
12.90063883,Sheltie X
15.05270363,Sheltie X
13.99863107,Sheltie X
13.16621036,Sheltie X
9.010152863,Sheltie X
15.37565594,Sheltie X
13.84257358,Sheltie X
