Age of Death,Type
15.66313028,Sheltie
8.821241159,Sheltie
11.12388775,Sheltie
11.99167237,Sheltie
9.815080995,Sheltie
13.17727584,Sheltie
15.21423682,Sheltie
13.59331508,Sheltie
10.76237737,Sheltie
12.90611453,Sheltie
12.71172713,Sheltie
6.992356833,Sheltie
12.98825006,Sheltie
