Age of Death,Type
11.61943874,Shih-Poo
10.36812685,Shih-Poo
0.188911704,Shih-Poo
