Age of Death,Type
6.860939995,staff
12.18879763,staff
12.62970568,staff
14.0039927,staff
16.0,staff
12.81040383,staff
13.00467716,staff
8.41615332,staff
12.13677846,staff
