Age of Death,Type
11.00604609,Staff X
11.24709103,Staff X
3.999885923,Staff X
11.02247319,Staff X
9.029317819,Staff X
4.084873374,Staff X
10.51870865,Staff X
